{"cameraMode":{"drawMode":0,"name":"Shaded","section":"Shading Mode"},"sceneLighting":true,"audioPlay":false,"sceneViewState":{"showFog":true,"showMaterialUpdate":false,"showSkybox":true,"showFlares":true,"showImageEffects":true,"showParticleSystems":true},"in2DMode":false,"pivot":{"x":208.91061401367188,"y":-21.48390769958496,"z":7.534704208374023},"rotation":{"x":0.18747182190418244,"y":0.6821818351745606,"z":-0.1876983791589737,"w":0.681360125541687},"size":58.17593765258789,"orthographic":false}